ID,Name,Email
1,Alice,alice@example.com
2,Bob,bob@example.com
3,Charlie,charlie@example.com
4,David,david@example.com
5,Eva,eva@example.com
6,Frank,frank@example.com
7,Grace,grace@example.com
8,Hannah,hannah@example.com
9,Ian,ian@example.com
10,Judy,judy@example.com
11,Kevin,kevin@example.com
12,Lily,lily@example.com
13,Mike,mike@example.com
14,Nina,nina@example.com
15,Owen,owen@example.com
16,Paula,paula@example.com
17,Quentin,quentin@example.com
18,Rachel,rachel@example.com
19,Steve,steve@example.com
20,Tina,tina@example.com
21,Uma,uma@example.com
22,Victor,victor@example.com
23,Wendy,wendy@example.com
24,Xander,xander@example.com
25,Yara,yara@example.com
26,Zack,zack@example.com
27,Aaron,aaron@example.com
28,Bella,bella@example.com
29,Carlos,carlos@example.com
30,Diana,diana@example.com
31,Edward,edward@example.com
32,Fiona,fiona@example.com
33,George,george@example.com
34,Helena,helena@example.com
35,Isaac,isaac@example.com
36,Janet,janet@example.com
37,Kyle,kyle@example.com
38,Laura,laura@example.com
39,Martin,martin@example.com
40,Nora,nora@example.com
41,Oscar,oscar@example.com
42,Penny,penny@example.com
43,Ray,ray@example.com
44,Sophie,sophie@example.com
45,Trent,trent@example.com
46,Ursula,ursula@example.com
47,Vincent,vincent@example.com
48,Whitney,whitney@example.com
49,Ximena,ximena@example.com
50,Yusuf,yusuf@example.com
51,Zoe,zoe@example.com
52,Abigail,abigail@example.com
53,Blake,blake@example.com
54,Camila,camila@example.com
55,Desmond,desmond@example.com
56,Esther,esther@example.com
57,Felix,felix@example.com
58,Gina,gina@example.com
59,Harold,harold@example.com
60,Irene,irene@example.com
61,Jacob,jacob@example.com
62,Karen,karen@example.com
63,Leonard,leonard@example.com
64,Maria,maria@example.com
65,Noel,noel@example.com
66,Olivia,olivia@example.com
67,Peter,peter@example.com
68,Queenie,queenie@example.com
69,Ronald,ronald@example.com
70,Selena,selena@example.com
71,Theo,theo@example.com
72,Ulyana,ulyana@example.com
73,Vera,vera@example.com
74,Wayne,wayne@example.com
75,Xena,xena@example.com
76,Yvette,yvette@example.com
77,Zion,zion@example.com
78,Anita,anita@example.com
79,Bryan,bryan@example.com
80,Cindy,cindy@example.com
81,Derek,derek@example.com
82,Ellen,ellen@example.com
83,Fred,fred@example.com
84,Gloria,gloria@example.com
85,Hank,hank@example.com
86,Isla,isla@example.com
87,Jasper,jasper@example.com
88,Kylie,kylie@example.com
89,Luke,luke@example.com
90,Melanie,melanie@example.com
91,Nathan,nathan@example.com
92,Opal,opal@example.com
93,Paolo,paolo@example.com
94,Quincy,quincy@example.com
95,Rita,rita@example.com
96,Sean,sean@example.com
97,Tamara,tamara@example.com
98,Umar,umar@example.com
99,Valerie,valerie@example.com
100,Warren,warren@example.com
101,Xiomara,xiomara@example.com
102,Yaniv,yaniv@example.com
103,Zara,zara@example.com
104,Alvin,alvin@example.com
105,Bianca,bianca@example.com
106,Craig,craig@example.com
107,Daisy,daisy@example.com
108,Ethan,ethan@example.com
109,Faye,faye@example.com
110,Gordon,gordon@example.com
111,Heather,heather@example.com
112,Ibrahim,ibrahim@example.com
113,Jade,jade@example.com
114,Ken,ken@example.com
115,Lara,lara@example.com
116,Miles,miles@example.com
117,Nia,nia@example.com
118,Omar,omar@example.com
119,Priya,priya@example.com
120,Quyen,quyen@example.com
121,Reed,reed@example.com
122,Sandra,sandra@example.com
123,Tariq,tariq@example.com
124,Usha,usha@example.com
125,Violet,violet@example.com
126,Wesley,wesley@example.com
127,Xochitl,xochitl@example.com
128,Yasmine,yasmine@example.com
129,Zeke,zeke@example.com
130,Ashley,ashley@example.com
131,Brent,brent@example.com
132,Clarissa,clarissa@example.com
133,Devon,devon@example.com
134,Elaine,elaine@example.com
135,Faris,faris@example.com
136,Greta,greta@example.com
137,Howard,howard@example.com
138,Iliana,iliana@example.com
139,Jaron,jaron@example.com
140,Kiara,kiara@example.com
141,Lorenzo,lorenzo@example.com
142,Maggie,maggie@example.com
143,Neal,neal@example.com
144,Odessa,odessa@example.com
145,Phil,phil@example.com
146,Queena,queena@example.com
147,Roy,roy@example.com
148,Simone,simone@example.com
149,Toby,toby@example.com
150,Ulrika,ulrika@example.com
